"ID_ACCOUNT","ACCOUNT_NAME","ID_SOURCE","CREATED","CREATED_BY"
"41001000","Revenue Foreign - Product","S4FINANCE","2022-08-30 09:39:04.157000000",""
"19410000","Accumulated amortization - Internal Development","S4FINANCE","2022-08-30 09:39:04.157000000",""
"41007000","Revenue Expenses","S4FINANCE","2022-08-30 09:39:04.157000000",""
"41090000","Other Operating Revenue","S4FINANCE","2022-08-30 09:39:04.157000000",""
"50301000","COGS Direct Material","S4FINANCE","2022-08-30 09:39:04.157000000",""
"44001000","Sales Rebates","S4FINANCE","2022-08-30 09:39:04.157000000",""
"50302000","COGS Third Party","S4FINANCE","2022-08-30 09:39:04.157000000",""
"50303000","COGS Material Overhead","S4FINANCE","2022-08-30 09:39:04.157000000",""
"50305000","COGS Machine Time","S4FINANCE","2022-08-30 09:39:04.157000000",""
"50306000","COGS Setup Time","S4FINANCE","2022-08-30 09:39:04.157000000",""
"50308000","COGS Credits (Co/By-Pr)","S4FINANCE","2022-08-30 09:39:04.157000000",""
"51100000","Consumption - Raw Material","S4FINANCE","2022-08-30 09:39:04.157000000",""
"51700000","Consumption - Repair Material","S4FINANCE","2022-08-30 09:39:04.157000000",""
"51600000","Consumption - Trading Goods","S4FINANCE","2022-08-30 09:39:04.157000000",""
"51950000","Consumption - Subcontracting","S4FINANCE","2022-08-30 09:39:04.157000000",""
"52021000","Loss Consumption for Quality Control (Raw & Trade)","S4FINANCE","2022-08-30 09:39:04.157000000",""
"52023000","Loss Consumption for Quality Control (SF&Fin Gds)","S4FINANCE","2022-08-30 09:39:04.157000000",""
"52051000","Loss Consumption of Consign. Mat (Raw & Trade)","S4FINANCE","2022-08-30 09:39:04.157000000",""
"52053000","Loss Consumption of Consign. Mat (SF & F.Goods)","S4FINANCE","2022-08-30 09:39:04.157000000",""
"52072000","Price Difference QTYV","S4FINANCE","2022-08-30 09:39:04.157000000",""
"52074000","Price Difference INPV","S4FINANCE","2022-08-30 09:39:04.157000000",""
"61022020","Payroll - Disability Pay (AU)","S4FINANCE","2022-08-30 09:39:04.157000000",""
"61022030","Long Service Leave","S4FINANCE","2022-08-30 09:39:04.157000000",""
"61022040","Workers' compensation assoc. contributions (AU,BR)","S4FINANCE","2022-08-30 09:39:04.157000000",""
"61022100","Payroll - Vacation Pay Wages","S4FINANCE","2022-08-30 09:39:04.157000000",""
"61051000","Payroll Expense - Downtime Wages","S4FINANCE","2022-08-30 09:39:04.157000000",""
"61052000","Payroll Expense - Downtime Salaries","S4FINANCE","2022-08-30 09:39:04.157000000",""
"61060000","Payroll Expense - Pension Contributions","S4FINANCE","2022-08-30 09:39:04.157000000",""
"61062000","Workers' Compensation Association Contributions","S4FINANCE","2022-08-30 09:39:04.157000000",""
"61063000","Dues to Associations","S4FINANCE","2022-08-30 09:39:04.157000000",""
"61102000","Payroll Expense - Other wage-related expenses","S4FINANCE","2022-08-30 09:39:04.157000000",""
"61101000","Payroll Expense - Other salary-related expenses","S4FINANCE","2022-08-30 09:39:04.157000000",""
"61103000","Payroll Expense - Direct Labor Cost","S4FINANCE","2022-08-30 09:39:04.157000000",""
"61104000","Payroll Expense - Indirect Labor Cost","S4FINANCE","2022-08-30 09:39:04.157000000",""
"61200000","Payroll Expense - Tax and Soc Security - Wages","S4FINANCE","2022-08-30 09:39:04.157000000",""
"61201000","Payroll Expense - Tax and Soc Security - Salaries","S4FINANCE","2022-08-30 09:39:04.157000000",""
"61400000","Training and Education","S4FINANCE","2022-08-30 09:39:04.157000000",""
"61401000","HR Recruitement","S4FINANCE","2022-08-30 09:39:04.157000000",""
"61500000","Sales Commissions","S4FINANCE","2022-08-30 09:39:04.157000000",""
"62000000","Bad Debt Expense","S4FINANCE","2022-08-30 09:39:04.157000000",""
"62020000","Flat-rate Value Adjustments","S4FINANCE","2022-08-30 09:39:04.157000000",""
"63000000","Machine and Equipment Periodic Service","S4FINANCE","2022-08-30 09:39:04.157000000",""
"63000500","Qualtiy Control Consumption Ext. Prod. w/ Act Type","S4FINANCE","2022-08-30 09:39:04.157000000",""
"63003000","Other Periodic Service","S4FINANCE","2022-08-30 09:39:04.157000000",""
"63004000","Insurance","S4FINANCE","2022-08-30 09:39:04.157000000",""
"63005000","Office/Building Rent","S4FINANCE","2022-08-30 09:39:04.157000000",""
"63006000","Telephone and other Communication","S4FINANCE","2022-08-30 09:39:04.157000000",""
"63007000","Fax and Internet","S4FINANCE","2022-08-30 09:39:04.157000000",""
"63008000","Building Periodic Service","S4FINANCE","2022-08-30 09:39:04.157000000",""
"63009000","Leasing Expense","S4FINANCE","2022-08-30 09:39:04.157000000",""
"64001000","Depreciation Expense - Buildings","S4FINANCE","2022-08-30 09:39:04.157000000",""
"64003000","Depreciation Expense - Building Improvement","S4FINANCE","2022-08-30 09:39:04.157000000",""
"64004000","Depreciation Expense - Motor Vehicles","S4FINANCE","2022-08-30 09:39:04.157000000",""
"64005000","Depreciation Expense - Office Equipment","S4FINANCE","2022-08-30 09:39:04.157000000",""
"64007000","Depreciation Expense - Computer Hardware","S4FINANCE","2022-08-30 09:39:04.157000000",""
"64008000","Depreciation Expense - Computer Software","S4FINANCE","2022-08-30 09:39:04.157000000",""
"64020000","Depreciation Expense - Low Value Assets","S4FINANCE","2022-08-30 09:39:04.157000000",""
"64030000","Unplanned Depreciation Expense","S4FINANCE","2022-08-30 09:39:04.157000000",""
"64040000","Scheduled Deprec Fixed Assets below Asset Value","S4FINANCE","2022-08-30 09:39:04.157000000",""
"52073000","Price Difference RSUV","S4FINANCE","2022-08-30 09:39:04.157000000",""
"61061000","Payroll - Benefits","S4FINANCE","2022-08-30 09:39:04.157000000",""
"50304000","COGS Personnel Time","S4FINANCE","2022-08-30 09:39:04.157000000",""
"41000000","Revenue Domestic - Product","S4FINANCE","2022-08-30 09:39:04.157000000",""
"66000600","Other Gains","S4FINANCE","2022-08-30 09:39:04.157000000",""
"66010000","Expense of Discounting (ZKB)","S4FINANCE","2022-08-30 09:39:04.157000000",""
"66019900","Addition to Provisions (ZKK)","S4FINANCE","2022-08-30 09:39:04.157000000",""
"70300000","Interest Income - Subsidiaries","S4FINANCE","2022-08-30 09:39:04.157000000",""
"70100000","Interest Income","S4FINANCE","2022-08-30 09:39:04.157000000",""
"70015000","Settlement of Asset u. Construction to CO Object","S4FINANCE","2022-08-30 09:39:04.157000000",""
"70300100","Gain from Long Term Investment","S4FINANCE","2022-08-30 09:39:04.157000000",""
"70500000","Consumption of Provisions","S4FINANCE","2022-08-30 09:39:04.157000000",""
"70800000","Other Extraordinary Income","S4FINANCE","2022-08-30 09:39:04.157000000",""
"71050000","Cash Discounts Expense","S4FINANCE","2022-08-30 09:39:04.157000000",""
"71100000","Interest Expense","S4FINANCE","2022-08-30 09:39:04.157000000",""
"71300000","Interest Expense - Subsidiaries","S4FINANCE","2022-08-30 09:39:04.157000000",""
"71800000","Other Extraordinary Expenses","S4FINANCE","2022-08-30 09:39:04.157000000",""
"72010000","Loss from Exchange Rate Differences","S4FINANCE","2022-08-30 09:39:04.157000000",""
"72020000","Loss from Rounding Dif. Foreign Currency","S4FINANCE","2022-08-30 09:39:04.157000000",""
"72040000","Loss from Currency Valuation","S4FINANCE","2022-08-30 09:39:04.157000000",""
"72510000","Gain from exchange rate differences","S4FINANCE","2022-08-30 09:39:04.157000000",""
"72520000","Gain from rounding dif. foreign currency","S4FINANCE","2022-08-30 09:39:04.157000000",""
"72530000","Gain from rebates differences","S4FINANCE","2022-08-30 09:39:04.157000000",""
"75002000","Corporate Income Tax Expense","S4FINANCE","2022-08-30 09:39:04.157000000",""
"75001000","Excise Taxes","S4FINANCE","2022-08-30 09:39:04.157000000",""
"75002100","Capital Gains Tax","S4FINANCE","2022-08-30 09:39:04.157000000",""
"75002200","Solidary Surcharge on Corporate Income Tax","S4FINANCE","2022-08-30 09:39:04.157000000",""
"75002300","Solidary surcharge for Interest Income Tax","S4FINANCE","2022-08-30 09:39:04.157000000",""
"75003000","Deferred Tax","S4FINANCE","2022-08-30 09:39:04.157000000",""
"75004000","Other Taxes on Income","S4FINANCE","2022-08-30 09:39:04.157000000",""
"75004010","vehicle and vessels tax","S4FINANCE","2022-08-30 09:39:04.157000000",""
"75004030","stamp tax","S4FINANCE","2022-08-30 09:39:04.157000000",""
"75004020","land usage tax","S4FINANCE","2022-08-30 09:39:04.157000000",""
"75005000","Input Tax non deductable (NAV)","S4FINANCE","2022-08-30 09:39:04.157000000",""
"75004040","Tax&addit. Duty","S4FINANCE","2022-08-30 09:39:04.157000000",""
"75007000","Property Taxes","S4FINANCE","2022-08-30 09:39:04.157000000",""
"75008000","Trade Tax","S4FINANCE","2022-08-30 09:39:04.157000000",""
"75008020","Tax Fringe Benefits Tax (AU)","S4FINANCE","2022-08-30 09:39:04.157000000",""
"75008010","Capital Gains Tax (AU)","S4FINANCE","2022-08-30 09:39:04.157000000",""
"75009000","Export Duty","S4FINANCE","2022-08-30 09:39:04.157000000",""
"75008050","Export Taxes (FR) (AU)","S4FINANCE","2022-08-30 09:39:04.157000000",""
"75009900","Other Company Taxes","S4FINANCE","2022-08-30 09:39:04.157000000",""
"SCT_0002","Internal Development","SAP_SCT","2022-08-30 09:39:04.157000000",""
"SCT_0003","Accumulated amortization - Internal Development","SAP_SCT","2022-08-30 09:39:04.157000000",""
"SCT_0001","Non-creditable VAT (SCT)","SAP_SCT","2022-08-30 09:39:04.157000000",""
"SCT_0004","Revenue Domestic - Product","SAP_SCT","2022-08-30 09:39:04.157000000",""
"SCT_0005","Sales Revenue w/ Cost Element","SAP_SCT","2022-08-30 09:39:04.157000000",""
"SCT_0006","Revenue Foreign - Product","SAP_SCT","2022-08-30 09:39:04.157000000",""
"SCT_0007","Revenue Affiliate - Product","SAP_SCT","2022-08-30 09:39:04.157000000",""
"SCT_0008","Accrued Revenue - EBR Adjustment","SAP_SCT","2022-08-30 09:39:04.157000000",""
"SCT_0009","Revenue Expenses","SAP_SCT","2022-08-30 09:39:04.157000000",""
"SCT_0010","Other Operating Revenue","SAP_SCT","2022-08-30 09:39:04.157000000",""
"SCT_0011","Over/Underpayments and Unallowed Deductions","SAP_SCT","2022-08-30 09:39:04.157000000",""
"SCT_0012","Sales Rebates","SAP_SCT","2022-08-30 09:39:04.157000000",""
"SCT_0013","COGS Direct Material","SAP_SCT","2022-08-30 09:39:04.157000000",""
"SCT_0014","COGS Third Party","SAP_SCT","2022-08-30 09:39:04.157000000",""
"SCT_0015","COGS Material Overhead","SAP_SCT","2022-08-30 09:39:04.157000000",""
"SCT_0016","COGS Personnel Time","SAP_SCT","2022-08-30 09:39:04.157000000",""
"SCT_0019","COGS Production Overhead","SAP_SCT","2022-08-30 09:39:04.157000000",""
"SCT_0017","COGS Machine Time","SAP_SCT","2022-08-30 09:39:04.157000000",""
"SCT_0020","COGS Credits (Co/By-Pr)","SAP_SCT","2022-08-30 09:39:04.157000000",""
"SCT_0018","COGS Setup Time","SAP_SCT","2022-08-30 09:39:04.157000000",""
"SCT_0021","Consumption - Raw Material","SAP_SCT","2022-08-30 09:39:04.157000000",""
"SCT_0023","Consumption - Trading Goods","SAP_SCT","2022-08-30 09:39:04.157000000",""
"SCT_0022","Consumption - Packaging Material","SAP_SCT","2022-08-30 09:39:04.157000000",""
"SCT_0026","Loss Consumption for Quality Control (Raw & Trade)","SAP_SCT","2022-08-30 09:39:04.157000000",""
"SCT_0024","Consumption - Repair Material","SAP_SCT","2022-08-30 09:39:04.157000000",""
"SCT_0025","Consumption - Subcontracting","SAP_SCT","2022-08-30 09:39:04.157000000",""
"SCT_0027","Loss Consumption for Quality Control (SF&Fin Gds)","SAP_SCT","2022-08-30 09:39:04.157000000",""
"SCT_0029","Loss Consumption of Consign. Mat (SF & F.Goods)","SAP_SCT","2022-08-30 09:39:04.157000000",""
"SCT_0028","Loss Consumption of Consign. Mat (Raw & Trade)","SAP_SCT","2022-08-30 09:39:04.157000000",""
"SCT_0030","Price Difference PRIV","SAP_SCT","2022-08-30 09:39:04.157000000",""
"SCT_0033","Price Difference INPV","SAP_SCT","2022-08-30 09:39:04.157000000",""
"SCT_0031","Price Difference QTYV","SAP_SCT","2022-08-30 09:39:04.157000000",""
"SCT_0032","Price Difference RSUV","SAP_SCT","2022-08-30 09:39:04.157000000",""
"SCT_0034","Price Difference MXPV","SAP_SCT","2022-08-30 09:39:04.157000000",""
"SCT_0035","Price Difference OPPV","SAP_SCT","2022-08-30 09:39:04.157000000",""
"SCT_0036","Price Difference LSFV","SAP_SCT","2022-08-30 09:39:04.157000000",""
"SCT_0037","Price Difference REMV","SAP_SCT","2022-08-30 09:39:04.157000000",""
"SCT_0039","Gain Consumption for Quality Control (Raw & Trade)","SAP_SCT","2022-08-30 09:39:04.157000000",""
"SCT_0038","Price Difference SCRP","SAP_SCT","2022-08-30 09:39:04.157000000",""
"SCT_0040","Gain Consumption for QM (SF & Finish Goods)","SAP_SCT","2022-08-30 09:39:04.157000000",""
"SCT_0041","Gain Consumption of Consign. Mat (Raw & Trade)","SAP_SCT","2022-08-30 09:39:04.157000000",""
"SCT_0042","Gain Consumption of Consign. Mat (SF & F.Goods)","SAP_SCT","2022-08-30 09:39:04.157000000",""
"SCT_0043","Inventory Change - Scrap External Products","SAP_SCT","2022-08-30 09:39:04.157000000",""
"SCT_0045","Travel Expenses - Hotel and Accommodation","SAP_SCT","2022-08-30 09:39:04.157000000",""
"SCT_0044","Inventory Change - Scrap own Products","SAP_SCT","2022-08-30 09:39:04.157000000",""
"SCT_0047","Travel Expenses - Ground Transportation","SAP_SCT","2022-08-30 09:39:04.157000000",""
"SCT_0046","Travel Expenses - Meals","SAP_SCT","2022-08-30 09:39:04.157000000",""
"SCT_0048","Travel Expenses - Entertainment","SAP_SCT","2022-08-30 09:39:04.157000000",""
"SCT_0049","Travel Expenses - Airfare, Rail, Mileage","SAP_SCT","2022-08-30 09:39:04.157000000",""
"SCT_0050","Travel Expenses - Miscellaneous","SAP_SCT","2022-08-30 09:39:04.157000000",""
"SCT_0053","Payroll - Overtime Salaries","SAP_SCT","2022-08-30 09:39:04.157000000",""
"SCT_0051","Payroll - Other Personnel Expenses","SAP_SCT","2022-08-30 09:39:04.157000000",""
"SCT_0052","Payroll - Bonus","SAP_SCT","2022-08-30 09:39:04.157000000",""
"72540000","Gain from currency valuation","S4FINANCE","2022-08-30 09:39:04.157000000",""
"62010000","Individual Value Adjustments","S4FINANCE","2022-08-30 09:39:04.157000000",""
"41003000","Accrued Revenue - EBR Adjustment","S4FINANCE","2022-08-30 09:39:04.157000000",""
"51500000","Consumption - Packaging Material","S4FINANCE","2022-08-30 09:39:04.157000000",""
"52071000","Price Difference PRIV","S4FINANCE","2022-08-30 09:39:04.157000000",""
"SCT_0055","Payroll - Vacation Pay Salaries","SAP_SCT","2022-08-30 09:39:04.157000000",""
"SCT_0057","Payroll - Disability Pay (AU)","SAP_SCT","2022-08-30 09:39:04.157000000",""
"SCT_0058","Long Service Leave","SAP_SCT","2022-08-30 09:39:04.157000000",""
"SCT_0060","Payroll - Vacation Pay Wages","SAP_SCT","2022-08-30 09:39:04.157000000",""
"SCT_0062","Payroll Expense - Downtime Salaries","SAP_SCT","2022-08-30 09:39:04.157000000",""
"SCT_0063","Payroll Expense - Pension Contributions","SAP_SCT","2022-08-30 09:39:04.157000000",""
"SCT_0054","Payroll - Overtime Wages","SAP_SCT","2022-08-30 09:39:04.157000000",""
"SCT_0056","Payroll - Sick Pay","SAP_SCT","2022-08-30 09:39:04.157000000",""
"SCT_0059","Workers' compensation assoc. contributions (AU,BR)","SAP_SCT","2022-08-30 09:39:04.157000000",""
"SCT_0061","Payroll Expense - Downtime Wages","SAP_SCT","2022-08-30 09:39:04.157000000",""
"SCT_0065","Workers' Compensation Association Contributions","SAP_SCT","2022-08-30 09:39:04.157000000",""
"SCT_0064","Payroll - Benefits","SAP_SCT","2022-08-30 09:39:04.157000000",""
"SCT_0066","Dues to Associations","SAP_SCT","2022-08-30 09:39:04.157000000",""
"SCT_0068","Payroll Expense - Other salary-related expenses","SAP_SCT","2022-08-30 09:39:04.157000000",""
"SCT_0067","Payroll Expense - Salaries","SAP_SCT","2022-08-30 09:39:04.157000000",""
"SCT_0069","Payroll Expense - Other wage-related expenses","SAP_SCT","2022-08-30 09:39:04.157000000",""
"SCT_0070","Payroll Expense - Direct Labor Cost","SAP_SCT","2022-08-30 09:39:04.157000000",""
"SCT_0072","Payroll Expense - Tax and Soc Security - Wages","SAP_SCT","2022-08-30 09:39:04.157000000",""
"SCT_0073","Payroll Expense - Tax and Soc Security - Salaries","SAP_SCT","2022-08-30 09:39:04.157000000",""
"SCT_0071","Payroll Expense - Indirect Labor Cost","SAP_SCT","2022-08-30 09:39:04.157000000",""
"SCT_0075","HR Recruitement","SAP_SCT","2022-08-30 09:39:04.157000000",""
"SCT_0074","Training and Education","SAP_SCT","2022-08-30 09:39:04.157000000",""
"SCT_0077","Bad Debt Expense","SAP_SCT","2022-08-30 09:39:04.157000000",""
"SCT_0076","Sales Commissions","SAP_SCT","2022-08-30 09:39:04.157000000",""
"SCT_0079","Flat-rate Value Adjustments","SAP_SCT","2022-08-30 09:39:04.157000000",""
"SCT_0078","Individual Value Adjustments","SAP_SCT","2022-08-30 09:39:04.157000000",""
"SCT_0081","Qualtiy Control Consumption Ext. Prod. w/ Act Type","SAP_SCT","2022-08-30 09:39:04.157000000",""
"SCT_0080","Machine and Equipment Periodic Service","SAP_SCT","2022-08-30 09:39:04.157000000",""
"SCT_0082","Other Periodic Service","SAP_SCT","2022-08-30 09:39:04.157000000",""
"SCT_0083","Insurance","SAP_SCT","2022-08-30 09:39:04.157000000",""
"SCT_0085","Telephone and other Communication","SAP_SCT","2022-08-30 09:39:04.157000000",""
"SCT_0087","Building Periodic Service","SAP_SCT","2022-08-30 09:39:04.157000000",""
"SCT_0086","Fax and Internet","SAP_SCT","2022-08-30 09:39:04.157000000",""
"SCT_0084","Office/Building Rent","SAP_SCT","2022-08-30 09:39:04.157000000",""
"SCT_0088","Leasing Expense","SAP_SCT","2022-08-30 09:39:04.157000000",""
"SCT_0089","Depreciation Expense - Buildings","SAP_SCT","2022-08-30 09:39:04.157000000",""
"SCT_0090","Depreciation Expense - Machinery & Equipment","SAP_SCT","2022-08-30 09:39:04.157000000",""
"SCT_0092","Depreciation Expense - Motor Vehicles","SAP_SCT","2022-08-30 09:39:04.157000000",""
"SCT_0091","Depreciation Expense - Building Improvement","SAP_SCT","2022-08-30 09:39:04.157000000",""
"SCT_0093","Depreciation Expense - Office Equipment","SAP_SCT","2022-08-30 09:39:04.157000000",""
"SCT_0095","Depreciation Expense - Computer Hardware","SAP_SCT","2022-08-30 09:39:04.157000000",""
"SCT_0094","Depreciation Expense - Furniture","SAP_SCT","2022-08-30 09:39:04.157000000",""
"SCT_0096","Depreciation Expense - Computer Software","SAP_SCT","2022-08-30 09:39:04.157000000",""
"SCT_0097","Depreciation Expense - Low Value Assets","SAP_SCT","2022-08-30 09:39:04.157000000",""
"SCT_0099","Unplanned Depreciation Expense","SAP_SCT","2022-08-30 09:39:04.157000000",""
"SCT_0100","Scheduled Deprec Fixed Assets below Asset Value","SAP_SCT","2022-08-30 09:39:04.157000000",""
"SCT_0101","Amortization Expense - Goodwill","SAP_SCT","2022-08-30 09:39:04.157000000",""
"SCT_0102","Estimated Depreciation (CO)","SAP_SCT","2022-08-30 09:39:04.157000000",""
"SCT_0103","Accrued interest (CO)","SAP_SCT","2022-08-30 09:39:04.157000000",""
"SCT_0104","Postage and Shipping","SAP_SCT","2022-08-30 09:39:04.157000000",""
"SCT_0105","Non Production - Material Consumption","SAP_SCT","2022-08-30 09:39:04.157000000",""
"SCT_0106","Purchased Services","SAP_SCT","2022-08-30 09:39:04.157000000",""
"SCT_0107","Advertising and Sales Costs","SAP_SCT","2022-08-30 09:39:04.157000000",""
"SCT_0109","Donations","SAP_SCT","2022-08-30 09:39:04.157000000",""
"SCT_0108","Vehicle Costs","SAP_SCT","2022-08-30 09:39:04.157000000",""
"SCT_0111","Services - General","SAP_SCT","2022-08-30 09:39:04.157000000",""
"SCT_0110","Purchased Services-Time","SAP_SCT","2022-08-30 09:39:04.157000000",""
"SCT_0112","Subcontracting Services","SAP_SCT","2022-08-30 09:39:04.157000000",""
"SCT_0114","Office Supplies","SAP_SCT","2022-08-30 09:39:04.157000000",""
"SCT_0113","Other Activity Costs","SAP_SCT","2022-08-30 09:39:04.157000000",""
"SCT_0115","Computer Supplies","SAP_SCT","2022-08-30 09:39:04.157000000",""
"SCT_0117","Legal and Audit Services","SAP_SCT","2022-08-30 09:39:04.157000000",""
"SCT_0116","Other Supplies","SAP_SCT","2022-08-30 09:39:04.157000000",""
"SCT_0118","Marketing Expenses","SAP_SCT","2022-08-30 09:39:04.157000000",""
"SCT_0119","Freight","SAP_SCT","2022-08-30 09:39:04.157000000",""
"SCT_0120","Loss in the Event of Damage","SAP_SCT","2022-08-30 09:39:04.157000000",""
"SCT_0121","Other Operating Expenses","SAP_SCT","2022-08-30 09:39:04.157000000",""
"SCT_0123","Expense of Discounting (ZKB)","SAP_SCT","2022-08-30 09:39:04.157000000",""
"SCT_0124","Addition to Provisions (ZKK)","SAP_SCT","2022-08-30 09:39:04.157000000",""
"SCT_0122","Other Gains","SAP_SCT","2022-08-30 09:39:04.157000000",""
"SCT_0125","Settlement of Asset u. Construction to CO Object","SAP_SCT","2022-08-30 09:39:04.157000000",""
"SCT_0126","Interest Income","SAP_SCT","2022-08-30 09:39:04.157000000",""
"SCT_0127","Interest Income - Subsidiaries","SAP_SCT","2022-08-30 09:39:04.157000000",""
"SCT_0128","Gain from Long Term Investment","SAP_SCT","2022-08-30 09:39:04.157000000",""
"SCT_0130","Other Extraordinary Income","SAP_SCT","2022-08-30 09:39:04.157000000",""
"SCT_0129","Consumption of Provisions","SAP_SCT","2022-08-30 09:39:04.157000000",""
"SCT_0131","Bank Charges","SAP_SCT","2022-08-30 09:39:04.157000000",""
"SCT_0134","Interest Expense - Subsidiaries","SAP_SCT","2022-08-30 09:39:04.157000000",""
"SCT_0132","Cash Discounts Expense","SAP_SCT","2022-08-30 09:39:04.157000000",""
"SCT_0133","Interest Expense","SAP_SCT","2022-08-30 09:39:04.157000000",""
"SCT_0135","Other Extraordinary Expenses","SAP_SCT","2022-08-30 09:39:04.157000000",""
"SCT_0136","Loss from Exchange Rate Differences","SAP_SCT","2022-08-30 09:39:04.157000000",""
"SCT_0137","Loss from Rounding Dif. Foreign Currency","SAP_SCT","2022-08-30 09:39:04.157000000",""
"SCT_0141","Gain from rebates differences","SAP_SCT","2022-08-30 09:39:04.157000000",""
"SCT_0140","Gain from rounding dif. foreign currency","SAP_SCT","2022-08-30 09:39:04.157000000",""
"SCT_0139","Gain from exchange rate differences","SAP_SCT","2022-08-30 09:39:04.157000000",""
"SCT_0138","Loss from Currency Valuation","SAP_SCT","2022-08-30 09:39:04.157000000",""
"SCT_0142","Gain from currency valuation","SAP_SCT","2022-08-30 09:39:04.157000000",""
"SCT_0098","Depreciation Expense - Intangible Assets","SAP_SCT","2022-08-30 09:39:04.157000000",""
"71000000","Bank Charges","S4FINANCE","2022-08-30 09:39:04.157000000",""
"61100000","Payroll Expense - Salaries","S4FINANCE","2022-08-30 09:39:04.157000000",""
"50307000","COGS Production Overhead","S4FINANCE","2022-08-30 09:39:04.157000000",""
"44000000","Over/Underpayments and Unallowed Deductions","S4FINANCE","2022-08-30 09:39:04.157000000",""
"41001500","Revenue Affiliate - Product","S4FINANCE","2022-08-30 09:39:04.157000000",""
"61022000","Payroll - Vacation Pay Salaries","S4FINANCE","2022-08-30 09:39:04.157000000",""
"61022010","Payroll - Sick Pay","S4FINANCE","2022-08-30 09:39:04.157000000",""
"61021100","Payroll - Overtime Wages","S4FINANCE","2022-08-30 09:39:04.157000000",""
"9440000","Non-creditable VAT (SCT)","S4FINANCE","2022-08-30 09:39:04.157000000",""
"64002000","Depreciation Expense - Machinery & Equipment","S4FINANCE","2022-08-30 09:39:04.157000000",""
"61021000","Payroll - Overtime Salaries","S4FINANCE","2022-08-30 09:39:04.157000000",""
"61020000","Payroll - Bonus","S4FINANCE","2022-08-30 09:39:04.157000000",""
"61010000","Payroll - Other Personnel Expenses","S4FINANCE","2022-08-30 09:39:04.157000000",""
"61008000","Travel Expenses - Miscellaneous","S4FINANCE","2022-08-30 09:39:04.157000000",""
"64006000","Depreciation Expense - Furniture","S4FINANCE","2022-08-30 09:39:04.157000000",""
"64021000","Depreciation Expense - Intangible Assets","S4FINANCE","2022-08-30 09:39:04.157000000",""
"61007000","Travel Expenses - Airfare, Rail, Mileage","S4FINANCE","2022-08-30 09:39:04.157000000",""
"61004000","Travel Expenses - Meals","S4FINANCE","2022-08-30 09:39:04.157000000",""
"61005000","Travel Expenses - Ground Transportation","S4FINANCE","2022-08-30 09:39:04.157000000",""
"61006000","Travel Expenses - Entertainment","S4FINANCE","2022-08-30 09:39:04.157000000",""
"61003000","Travel Expenses - Hotel and Accommodation","S4FINANCE","2022-08-30 09:39:04.157000000",""
"52552000","Gain Consumption of Consign. Mat (SF & F.Goods)","S4FINANCE","2022-08-30 09:39:04.157000000",""
"54053000","Inventory Change - Scrap own Products","S4FINANCE","2022-08-30 09:39:04.157000000",""
"52551000","Gain Consumption of Consign. Mat (Raw & Trade)","S4FINANCE","2022-08-30 09:39:04.157000000",""
"54051000","Inventory Change - Scrap External Products","S4FINANCE","2022-08-30 09:39:04.157000000",""
"19310000","Internal Development","S4FINANCE","2022-08-30 09:39:04.157000000",""
"52523000","Gain Consumption for QM (SF & Finish Goods)","S4FINANCE","2022-08-30 09:39:04.157000000",""
"52079000","Price Difference SCRP","S4FINANCE","2022-08-30 09:39:04.157000000",""
"52521000","Gain Consumption for Quality Control (Raw & Trade)","S4FINANCE","2022-08-30 09:39:04.157000000",""
"52078000","Price Difference REMV","S4FINANCE","2022-08-30 09:39:04.157000000",""
"52077000","Price Difference LSFV","S4FINANCE","2022-08-30 09:39:04.157000000",""
"52075000","Price Difference MXPV","S4FINANCE","2022-08-30 09:39:04.157000000",""
"41000400","Sales Revenue w/ Cost Element","S4FINANCE","2022-08-30 09:39:04.157000000",""
"52076000","Price Difference OPPV","S4FINANCE","2022-08-30 09:39:04.157000000",""
"65000000","Postage and Shipping","S4FINANCE","2022-08-30 09:39:04.157000000",""
"65008000","Purchased Services-Time","S4FINANCE","2022-08-30 09:39:04.157000000",""
"65200000","Other Supplies","S4FINANCE","2022-08-30 09:39:04.157000000",""
"65002000","Advertising and Sales Costs","S4FINANCE","2022-08-30 09:39:04.157000000",""
"SCT_0161","Other Company Taxes","SAP_SCT","2022-08-30 09:39:04.157000000",""
"65004000","Donations","S4FINANCE","2022-08-30 09:39:04.157000000",""
"65000500","Non Production - Material Consumption","S4FINANCE","2022-08-30 09:39:04.157000000",""
"65150000","Computer Supplies","S4FINANCE","2022-08-30 09:39:04.157000000",""
"SCT_0147","Solidary surcharge for Interest Income Tax","SAP_SCT","2022-08-30 09:39:04.157000000",""
"SCT_0149","Other Taxes on Income","SAP_SCT","2022-08-30 09:39:04.157000000",""
"SCT_0155","Property Taxes","SAP_SCT","2022-08-30 09:39:04.157000000",""
"SCT_0157","Capital Gains Tax (AU)","SAP_SCT","2022-08-30 09:39:04.157000000",""
"SCT_0159","Export Taxes (FR) (AU)","SAP_SCT","2022-08-30 09:39:04.157000000",""
"SCT_0163","Corporate income taxes","SAP_SCT","2022-08-30 09:39:04.157000000",""
"SCT_0164","Community Investments","SAP_SCT","2022-08-30 09:39:04.157000000",""
"65009000","Other Activity Costs","S4FINANCE","2022-08-30 09:39:04.157000000",""
"65301000","Marketing Expenses","S4FINANCE","2022-08-30 09:39:04.157000000",""
"SCT_0166","Depreciation","SAP_SCT","2022-08-30 09:39:04.157000000",""
"SCT_0144","Corporate Income Tax Expense","SAP_SCT","2022-08-30 09:39:04.157000000",""
"SCT_0150","vehicle and vessels tax","SAP_SCT","2022-08-30 09:39:04.157000000",""
"SCT_0151","land usage tax","SAP_SCT","2022-08-30 09:39:04.157000000",""
"SCT_0148","Deferred Tax","SAP_SCT","2022-08-30 09:39:04.157000000",""
"SCT_0154","Input Tax non deductable (NAV)","SAP_SCT","2022-08-30 09:39:04.157000000",""
"65100000","Office Supplies","S4FINANCE","2022-08-30 09:39:04.157000000",""
"64043000","Amortization Expense - Goodwill","S4FINANCE","2022-08-30 09:39:04.157000000",""
"SCT_0152","stamp tax","SAP_SCT","2022-08-30 09:39:04.157000000",""
"64060000","Accrued interest (CO)","S4FINANCE","2022-08-30 09:39:04.157000000",""
"65008500","Subcontracting Services","S4FINANCE","2022-08-30 09:39:04.157000000",""
"SCT_0156","Trade Tax","SAP_SCT","2022-08-30 09:39:04.157000000",""
"SCT_0143","Excise Taxes","SAP_SCT","2022-08-30 09:39:04.157000000",""
"SCT_0158","Tax Fringe Benefits Tax (AU)","SAP_SCT","2022-08-30 09:39:04.157000000",""
"SCT_0165","Capital expenditures","SAP_SCT","2022-08-30 09:39:04.157000000",""
"65300000","Legal and Audit Services","S4FINANCE","2022-08-30 09:39:04.157000000",""
"SCT_0160","Export Duty","SAP_SCT","2022-08-30 09:39:04.157000000",""
"65400000","Freight","S4FINANCE","2022-08-30 09:39:04.157000000",""
"66000000","Other Operating Expenses","S4FINANCE","2022-08-30 09:39:04.157000000",""
"SCT_0167","Share buybacks","SAP_SCT","2022-08-30 09:39:04.157000000",""
"SCT_0145","Capital Gains Tax","SAP_SCT","2022-08-30 09:39:04.157000000",""
"65001000","Purchased Services","S4FINANCE","2022-08-30 09:39:04.157000000",""
"65900000","Loss in the Event of Damage","S4FINANCE","2022-08-30 09:39:04.157000000",""
"65008300","Services - General","S4FINANCE","2022-08-30 09:39:04.157000000",""
"64050000","Estimated Depreciation (CO)","S4FINANCE","2022-08-30 09:39:04.157000000",""
"SCT_0153","Tax&addit. Duty","SAP_SCT","2022-08-30 09:39:04.157000000",""
"65003000","Vehicle Costs","S4FINANCE","2022-08-30 09:39:04.157000000",""
"SCT_0162","Dividend payments","SAP_SCT","2022-08-30 09:39:04.157000000",""
"SCT_0146","Solidary Surcharge on Corporate Income Tax","SAP_SCT","2022-08-30 09:39:04.157000000",""